CREATE DATABASE hotels;

DROP TABLE IF EXISTS CHAMBRE;
DROP TABLE IF EXISTS HOTEL;
DROP TABLE IF EXISTS TYPE_HOTEL;
DROP TABLE IF EXISTS CATEGORIE;

CREATE TABLE CATEGORIE(
  NUCAT INT PRIMARY KEY,
  NOMCAT VARCHAR(100)
);

CREATE TABLE TYPE_HOTEL(
  NUTYPE INT PRIMARY KEY,
  NOMTYPE VARCHAR(100)
);

CREATE TABLE HOTEL(
  NUHOTEL       INT PRIMARY KEY,
  NUTYPEHOTEL   INT,
  NOMHOTEL      VARCHAR(100),
  ADRESSEHOTEL  VARCHAR(100),
  CPHOTEL       VARCHAR(10),
  VILLEHOTEL    VARCHAR(50),
  CONSTRAINT FK_NUTYPEHOTEL FOREIGN KEY (NUTYPEHOTEL) REFERENCES TYPE_HOTEL(NUTYPE)
);

CREATE TABLE CHAMBRE(
  NUCHAMBRE     INT,
  NUCATCHAMBRE  INT,
  NUHOTEL       INT,
  CONSTRAINT FK_NUHOTEL2     FOREIGN KEY (NUHOTEL)     REFERENCES HOTEL(NUHOTEL),
  CONSTRAINT FK_NUCATHOTEL2  FOREIGN KEY (NUCATCHAMBRE)  REFERENCES CATEGORIE(NUCAT)
);
-- primary key : (nuhotel, nuchambre)

INSERT INTO CATEGORIE (NUCAT, NOMCAT) VALUES (1.0, 'Simple');
INSERT INTO CATEGORIE (NUCAT, NOMCAT) VALUES (2.0, 'Double');
INSERT INTO CATEGORIE (NUCAT, NOMCAT) VALUES (3.0, 'Famille');
INSERT INTO CATEGORIE (NUCAT, NOMCAT) VALUES (4.0, 'Premium');
INSERT INTO CATEGORIE (NUCAT, NOMCAT) VALUES (5.0, 'Luxe');

INSERT INTO TYPE_HOTEL (NUTYPE, NOMTYPE) VALUES (1.0, '1 étoile');
INSERT INTO TYPE_HOTEL (NUTYPE, NOMTYPE) VALUES (2.0, '2 étoiles');
INSERT INTO TYPE_HOTEL (NUTYPE, NOMTYPE) VALUES (3.0, '3 étoiles');
INSERT INTO TYPE_HOTEL (NUTYPE, NOMTYPE) VALUES (4.0, '4 étoiles');
INSERT INTO TYPE_HOTEL (NUTYPE, NOMTYPE) VALUES (5.0, '5 étoiles');

/*INSERT INTO HOTEL (NUHOTEL, NOMHOTEL, NUTYPEHOTEL, ADRESSEHOTEL, CPHOTEL, VILLEHOTEL) 
VALUES (1.0, 'HÔTEL LE COIN DES HALLES', 2.0, '30 place Saint Maurice', '46000,0', 'CAHORS');
INSERT INTO HOTEL (NUHOTEL, NOMHOTEL, NUTYPEHOTEL, ADRESSEHOTEL, CPHOTEL, VILLEHOTEL) 
VALUES (2.0, 'HÔTEL DE LA FONTAINE STANISLAS', 2.0, '1 fontaine stanislas', '88370,0', 'PLOMBIÈRES-LES-BAINS');
INSERT INTO HOTEL (NUHOTEL, NOMHOTEL, NUTYPEHOTEL, ADRESSEHOTEL, CPHOTEL, VILLEHOTEL) 
VALUES (3.0, 'HÔTEL IBIS BUDGET ORANGE', 2.0, '23 CHEMIN DE QUEYRADEL ZAC DE LA BRUNETTE', '84100,0', 'ORANGE');
INSERT INTO HOTEL (NUHOTEL, NOMHOTEL, NUTYPEHOTEL, ADRESSEHOTEL, CPHOTEL, VILLEHOTEL) 
VALUES (4.0, 'HÔTEL IBIS PARIS MEUDON VELIZY', 3.0, '7 ROUTE DU COLONEL MARCEL MORAINE', '92360,0', 'MEUDON-LA-FÔRET');
INSERT INTO HOTEL (NUHOTEL, NOMHOTEL, NUTYPEHOTEL, ADRESSEHOTEL, CPHOTEL, VILLEHOTEL) 
VALUES (5.0, 'HÔTEL IBIS STYLES TOULOUSE CITÉ DE L''ESPACE', 3.0, '19 AVENUE MARCEL DASSAULT', '31000,0', 'TOULOUSE');


INSERT INTO CHAMBRE (NUCHAMBRE, NUHOTEL, NUCATCHAMBRE) 
VALUES (1.0, 1.0, 3.0);
INSERT INTO CHAMBRE (NUCHAMBRE, NUHOTEL, NUCATCHAMBRE) 
VALUES (2.0, 1.0, 3.0);
INSERT INTO CHAMBRE (NUCHAMBRE, NUHOTEL, NUCATCHAMBRE) 
VALUES (3.0, 1.0, 3.0);
INSERT INTO CHAMBRE (NUCHAMBRE, NUHOTEL, NUCATCHAMBRE) 
VALUES (1.0, 2.0, 2.0);
INSERT INTO CHAMBRE (NUCHAMBRE, NUHOTEL, NUCATCHAMBRE) 
VALUES (2.0, 1.0, 1.0);*/